<?xml version="1.0" encoding="UTF-8" standalone="yes"?>
<addon id="repository.superservidormundial2" name="[B][COLOR green]**** Super Servido[/COLOR][COLOR yellow]r  2 Mundial ****[/COLOR][/B]" version="2.0" provider-name="CachorroCaramelo">
	<extension point="xbmc.addon.repository" name="Super Servidor Mundial">
		<dir>
			<info compressed="false">http://dabutcher.org/repo.home/repository.dab/zips/addons.xml</info>
			<checksum>http://dabutcher.org/repo.home/repository.dab/zips/addons.xml.md5</checksum>
			<datadir zip="true">http://dabutcher.org/repo.home/repository.dab/zips/</datadir>
			<hashes>false</hashes>
		</dir>
		<dir minversion="18.0">
			<info compressed="false">https://raw.githubusercontent.com/nixgates/nixgates/master/repo/zips/addons.xml</info>
			<checksum>https://raw.githubusercontent.com/nixgates/nixgates/master/repo/zips/addons.xml.md5</checksum>
			<datadir zip="true">https://raw.githubusercontent.com/nixgates/nixgates/master/repo/zips/</datadir>
		</dir>
		<dir minversion="18.0" maxversion="18.9.0">
			<info compressed="false">https://raw.githubusercontent.com/nixgates/nixgates/master/leia/zips/addons.xml</info>
			<checksum>https://raw.githubusercontent.com/nixgates/nixgates/master/leia/zips/addons.xml.md5</checksum>
			<datadir zip="true">https://raw.githubusercontent.com/nixgates/nixgates/master/leia/zips/</datadir>
		</dir>
		<dir minversion="18.9.0">
			<info compressed="false">https://raw.githubusercontent.com/nixgates/nixgates/master/matrix/zips/addons.xml</info>
			<checksum>https://raw.githubusercontent.com/nixgates/nixgates/master/matrix/zips/addons.xml.md5</checksum>
			<datadir zip="true">https://raw.githubusercontent.com/nixgates/nixgates/master/matrix/zips/</datadir>
		</dir>
		 <dir>
            <info compressed="false">https://raw.githubusercontent.com/Ezra-Hubbard/Ezra-Hubbard.github.io/master/repo/zips/addons.xml</info>
            <checksum>https://raw.githubusercontent.com/Ezra-Hubbard/Ezra-Hubbard.github.io/master/repo/zips/addons.xml.md5</checksum>
            <datadir zip="true">https://raw.githubusercontent.com/Ezra-Hubbard/Ezra-Hubbard.github.io/master/repo/zips/</datadir>
        </dir>
		<dir>
			<info compressed="false">http://grindhousekodi.tk/grindhouse/repo/addons.xml</info>
			<checksum>http://grindhousekodi.tk/grindhouse/repo/addonsmd5.txt</checksum>
			<datadir zip="true">http://grindhousekodi.tk/grindhouse/repo/</datadir>
		</dir>
		<dir>
			<info compressed="false">https://raw.githubusercontent.com/totalrevolution/python-koding/master/zips/addons.xml</info>	
			<checksum>https://raw.githubusercontent.com/totalrevolution/python-koding/master/zips/addons.xml.md5</checksum>
			<datadir zip="true">https://raw.githubusercontent.com/totalrevolution/python-koding/master/zips/</datadir>
		</dir>
		<dir>
			<info compressed="false">https://raw.githubusercontent.com/teamuniversal/scrapers/master/_modules4all/zips/addons.xml</info>
			<checksum>https://raw.githubusercontent.com/teamuniversal/scrapers/master/_modules4all/zips/addons.xml.md5</checksum>
			<datadir zip="true">https://raw.githubusercontent.com/teamuniversal/scrapers/master/_modules4all/zips/</datadir>
		</dir>
		<dir>
			<info compressed="false">https://raw.githubusercontent.com/a4k-openproject/repository.openscrapers/master/zips/addons.xml</info>
			<checksum>https://raw.githubusercontent.com/a4k-openproject/repository.openscrapers/master/zips/addons.xml.md5</checksum>
			<datadir zip="true">https://raw.githubusercontent.com/a4k-openproject/repository.openscrapers/master/zips/</datadir>
		</dir>
		<dir>
			<info compressed="false">https://raw.githubusercontent.com/Gujal00/smrzips/master/addons.xml</info>
			<checksum>https://raw.githubusercontent.com/Gujal00/smrzips/master/addons.xml.md5</checksum>
			<datadir zip="true">https://raw.githubusercontent.com/Gujal00/smrzips/master/zips/</datadir>
		</dir>
		<dir>
		    <info compressed="false">https://magnetic.website/__zips/addons.xml</info>
            <checksum>https://magnetic.website/__zips/addons.xml.md5</checksum>
            <datadir zip="true">https://magnetic.website/__zips/</datadir>
            <hashes>false</hashes>
		</dir>
        	<dir minversion="18.9.0">
		<info compressed="false">https://raw.githubusercontent.com/warehousecrates/TheWareHouse/main/matrix/zips/addons.xml</info>
		<checksum>https://raw.githubusercontent.com/warehousecrates/TheWareHouse/main/matrix/zips/addons.xml.md5</checksum>
                <datadir zip="true">https://raw.githubusercontent.com/warehousecrates/TheWareHouse/main/matrix/zips/</datadir>
        	</dir>
                <dir minversion="18.0" maxversion="18.9.0">
                <info compressed="false">https://raw.githubusercontent.com/warehousecrates/TheWareHouse/main/leia/zips/addons.xml</info>
                <checksum>https://raw.githubusercontent.com/warehousecrates/TheWareHouse/main/leia/zips/addons.xml.md5</checksum>
                <datadir zip="true">https://raw.githubusercontent.com/warehousecrates/TheWareHouse/main/leia/zips/</datadir>
                </dir>
                <dir>
                <info compressed="false">https://raw.githubusercontent.com/Tikipeter/repository.tikipeter/master/zips/addons.xml</info>
                <checksum>https://raw.githubusercontent.com/Tikipeter/repository.tikipeter/master/zips/addons.xml.md5</checksum>
                <datadir zip="true">https://raw.githubusercontent.com/Tikipeter/repository.tikipeter/master/zips</datadir>
               </dir>
                <dir>   
                <info compressed="false">https://raw.githubusercontent.com/CocoJoe2411/repository.cocoscrapers/master/zips/addons.xml</info>
                <checksum>https://raw.githubusercontent.com/CocoJoe2411/repository.cocoscrapers/master/zips/addons.xml.md5</checksum>
                <datadir zip="true">https://raw.githubusercontent.com/CocoJoe2411/repository.cocoscrapers/master/zips/</datadir>
               </dir>
               <dir>
            	<info compressed="false">https://raw.githubusercontent.com/Twilight0/repo.twilight0.libs/master/_zips/addons.xml</info>
            	<checksum>https://raw.githubusercontent.com/Twilight0/repo.twilight0.libs/master/_zips/addons.xml.md5</checksum>
            	<datadir zip="true">https://raw.githubusercontent.com/Twilight0/repo.twilight0.libs/master/_zips/</datadir>
               </dir>
               <dir>
               <info compressed="false">https://raw.githubusercontent.com/bugatsinho/python-koding/master/addons.xml</info>
               <checksum>https://raw.githubusercontent.com/bugatsinho/python-koding/master/addons.xml.md5</checksum>
               <datadir zip="true">https://raw.githubusercontent.com/bugatsinho/python-koding/master/zips/</datadir>
               </dir>
        <dir minversion="18.9.701">
            <info compressed="false">https://raw.githubusercontent.com/umbrellaplug/umbrellaplug.github.io/master/matrix/zips/addons.xml</info>
            <checksum>https://raw.githubusercontent.com/umbrellaplug/umbrellaplug.github.io/master/matrix/zips/addons.xml.md5</checksum>
            <datadir zip="true">https://raw.githubusercontent.com/umbrellaplug/umbrellaplug.github.io/master/matrix/zips/</datadir>
        </dir>
        <dir>
            <info compressed="false">https://raw.githubusercontent.com/CocoJoe2411/repository.cocoscrapers/master/zips/addons.xml</info>
            <checksum>https://raw.githubusercontent.com/CocoJoe2411/repository.cocoscrapers/master/zips/addons.xml.md5</checksum>
            <datadir zip="true">https://raw.githubusercontent.com/CocoJoe2411/repository.cocoscrapers/master/zips/</datadir>
        </dir>
        <dir minversion="18.0" maxversion="18.9.0"><!--OffSpringRepo LEIA-->
            <info compressed="false">https://raw.githubusercontent.com/m3atp1zza/OffSpringRepo/main/leia/zips/addons.xml</info>
            <checksum>https://raw.githubusercontent.com/m3atp1zza/OffSpringRepo/main/leia/zips/addons.xml.md5</checksum>
            <datadir zip="true">https://raw.githubusercontent.com/m3atp1zza/OffSpringRepo/main/leia/zips/</datadir>
        </dir>
        <dir minversion="18.9.0"><!--OffSpringRepo Matrix-->
            <info compressed="false">https://raw.githubusercontent.com/m3atp1zza/OffSpringRepo/main/matrix/zips/addons.xml</info>
            <checksum>https://raw.githubusercontent.com/m3atp1zza/OffSpringRepo/main/matrix/zips/addons.xml.md5</checksum>
            <datadir zip="true">https://raw.githubusercontent.com/m3atp1zza/OffSpringRepo/main/matrix/zips/</datadir>
        </dir>
        <dir minversion="18.0" maxversion="18.9.0"><!--jurialmunkey LEIA-->
            <info compressed="false">https://raw.githubusercontent.com/jurialmunkey/repository.jurialmunkey/master/leia/zips/addons.xml</info>
            <checksum>https://raw.githubusercontent.com/jurialmunkey/repository.jurialmunkey/master/leia/zips/addons.xml.md5</checksum>
            <datadir zip="true">https://raw.githubusercontent.com/jurialmunkey/repository.jurialmunkey/master/leia/zips/</datadir>
        </dir>
        <dir minversion="18.9.0"><!--jurialmunkey MATRIX-->
            <info compressed="false">https://raw.githubusercontent.com/jurialmunkey/repository.jurialmunkey/master/matrix/zips/addons.xml</info>
            <checksum>https://raw.githubusercontent.com/jurialmunkey/repository.jurialmunkey/master/matrix/zips/addons.xml.md5</checksum>
            <datadir zip="true">https://raw.githubusercontent.com/jurialmunkey/repository.jurialmunkey/master/matrix/zips/</datadir>
        </dir>
		<dir>
			<info compressed="false">https://raw.githubusercontent.com/arxtic-ape/repo.arxtic-ape/master/addons.xml</info>
			<checksum>https://raw.githubusercontent.com/arxtic-ape/repo.arxtic-ape/master/addons.xml.md5</checksum>
			<datadir zip="false">https://raw.github.com/arxtic-ape/repo.arxtic-ape/master/</datadir>
		</dir>
	</extension>
	
	
	<extension point="xbmc.addon.metadata">
		<summary lang="en">Super Servidor Mundial</summary>
		<description lang="en">Reunimos os Melhores ou Não no Super Servidor Mundial 2</description>
		<disclaimer>Só jack</disclaimer>
		<platform>all</platform>
        <assets>
            <icon>icon.png</icon>
            <fanart>fanart.jpg</fanart>
        </assets>
	</extension>
</addon>